id,title,score,num_comments,author,created_utc,url,over_18,edited,spoiler,stickied
1kl8s2a,how do you deploy your pipelines?,28,28,Glittering-Tiger-628,2025-05-13 00:38:23,https://www.reddit.com/r/dataengineering/comments/1kl8s2a/how_do_you_deploy_your_pipelines/,False,False,False,False
1klfl8m,Looking for scalable ETL orchestration framework – Airflow vs Dagster vs Prefect – What's best for our use case?,19,15,MiserableHair7019,2025-05-13 07:02:37,https://www.reddit.com/r/dataengineering/comments/1klfl8m/looking_for_scalable_etl_orchestration_framework/,False,False,False,False
1kkvjc8,How can I keep gaining experience through projects?,16,5,daardoo,2025-05-12 15:34:23,https://www.reddit.com/r/dataengineering/comments/1kkvjc8/how_can_i_keep_gaining_experience_through_projects/,False,False,False,False
1kkxpw5,PyArrow+Narwhals vs. Polars: Opinions?,12,7,oroberos,2025-05-12 17:00:08,https://www.reddit.com/r/dataengineering/comments/1kkxpw5/pyarrownarwhals_vs_polars_opinions/,False,False,False,False
1kkvpfz,SQL Certification,15,8,t_tamilarasan,2025-05-12 15:41:03,https://www.reddit.com/r/dataengineering/comments/1kkvpfz/sql_certification/,False,False,False,False
1klk9tt,DBT Staging Layer: String Data Type vs. Enforcing Types Early - Thoughts?,9,16,enchanted_potato59,2025-05-13 12:09:17,https://www.reddit.com/r/dataengineering/comments/1klk9tt/dbt_staging_layer_string_data_type_vs_enforcing/,False,False,False,False
1kl2w4o,A Day in the Life of a Data Engineer in Cloud Data Services,8,1,JakubKaczmarczyk,2025-05-12 20:21:18,https://www.reddit.com/r/dataengineering/comments/1kl2w4o/a_day_in_the_life_of_a_data_engineer_in_cloud/,False,False,False,False
1kl1y21,Struggling with Prod vs. Dev Data Setup: Seeking Solutions and Tips!,7,4,FollowingExisting869,2025-05-12 19:44:10,https://www.reddit.com/r/dataengineering/comments/1kl1y21/struggling_with_prod_vs_dev_data_setup_seeking/,False,False,False,False
1kkvi7j,Replication and/or ETL tools - what's the current pick based on pricing vs features around here?  When to buy vs build?,9,38,reelznfeelz,2025-05-12 15:33:08,https://www.reddit.com/r/dataengineering/comments/1kkvi7j/replication_andor_etl_tools_whats_the_current/,False,False,False,False
1klaahy,Alternative to Spotify 'Audio Features' Endpoint?,5,2,CarlSoderbergsMom,2025-05-13 01:53:54,https://www.reddit.com/r/dataengineering/comments/1klaahy/alternative_to_spotify_audio_features_endpoint/,False,False,False,False
1kl1tf9,Airflow 3 and Airflow AI SDK in Action — Analyzing League of Legends,4,1,prenomenon,2025-05-12 19:39:11,https://blog.det.life/airflow-3-and-airflow-ai-sdk-in-action-analyzing-league-of-legends-490f5b4522f5,False,False,False,False
1klmv6x,Data engineering in a quant/trading shop,5,0,PeanutPigggyyy,2025-05-13 14:08:38,https://www.reddit.com/r/dataengineering/comments/1klmv6x/data_engineering_in_a_quanttrading_shop/,False,False,False,False
1klgy6p,Should I accept a Lead Software Engineer role if I consider myself more of a technical developer?,4,6,Used_Shelter_3213,2025-05-13 08:40:42,https://www.reddit.com/r/dataengineering/comments/1klgy6p/should_i_accept_a_lead_software_engineer_role_if/,False,False,False,False
1klankd,What is the proper way of reading data from Azure Storage with Databricks and Unity Catalog?,3,3,linos100,2025-05-13 02:12:29,https://www.reddit.com/r/dataengineering/comments/1klankd/what_is_the_proper_way_of_reading_data_from_azure/,False,False,False,False
1kl073e,Career: Onprem or Cloud?,5,14,UnmannedConflict,2025-05-12 18:35:50,https://www.reddit.com/r/dataengineering/comments/1kl073e/career_onprem_or_cloud/,False,False,False,False
1kkylcb,"Snowflake vs Databricks, beyond warehouse/lakehouse capabilities",1,1,Eastern-Sun-3356,2025-05-12 17:33:36,https://www.reddit.com/r/dataengineering/comments/1kkylcb/snowflake_vs_databricks_beyond_warehouselakehouse/,False,False,False,False
1kky5fc,Snowflake to Kafka,3,1,MrGreenPL,2025-05-12 17:16:30,https://www.reddit.com/r/dataengineering/comments/1kky5fc/snowflake_to_kafka/,False,False,False,False
1klncu5,"i need your help pleaaase (SQL, data engineering)",3,3,BoringMeasurement263,2025-05-13 14:28:32,https://www.reddit.com/r/dataengineering/comments/1klncu5/i_need_your_help_pleaaase_sql_data_engineering/,False,False,False,False
1kle5zu,Azure Data Factory Oracle 2.0 Connector Self Hosted Integration Runtime,2,5,Cultural_Tax2734,2025-05-13 05:30:00,https://www.reddit.com/r/dataengineering/comments/1kle5zu/azure_data_factory_oracle_20_connector_self/,False,False,False,False
1kldwaw,Automate extraction of data from any Excel,2,6,12Eerc,2025-05-13 05:13:03,https://www.reddit.com/r/dataengineering/comments/1kldwaw/automate_extraction_of_data_from_any_excel/,False,False,False,False
1klo32v,Streaming data framework,2,0,romanzdk,2025-05-13 14:58:09,https://www.reddit.com/r/dataengineering/comments/1klo32v/streaming_data_framework/,False,False,False,False
1klkk2m,Transition From Data Engineering into Research,2,2,khushalkarim,2025-05-13 12:23:31,https://www.reddit.com/r/dataengineering/comments/1klkk2m/transition_from_data_engineering_into_research/,False,False,False,False
1kkz2f8,"Feasibility of Big Data Analysis: Tracking Drug-Related Content Trends on Social Media (TikTok, YouTube, Instagram)",1,5,ToeRepresentative391,2025-05-12 17:51:50,https://www.reddit.com/r/dataengineering/comments/1kkz2f8/feasibility_of_big_data_analysis_tracking/,False,False,False,False
1kkx037,3NF before Kimball dimensional modeling,1,13,None,2025-05-12 16:31:28,https://www.reddit.com/r/dataengineering/comments/1kkx037/3nf_before_kimball_dimensional_modeling/,False,False,False,False
1kky7am,How LLMs Are Revolutionizing Database Queries Through Natural Language,0,3,Professional_Log599,2025-05-12 17:18:35,https://www.queryhub.ai/blog/natural-language-to-sql-llm,False,False,False,False
